epoch,lr,train_loss,val_loss,best_loss
0,1e-04,0.8011397564565981,0.49734046459198,0.49734046459198
1,1e-04,0.3044907477768985,0.21787490099668502,0.21787490099668502
2,1e-04,0.20237930389967831,0.19238996133208275,0.19238996133208275
3,1e-04,0.1854374443555807,0.18043395653367042,0.18043395653367042
4,1e-04,0.1767080927437002,0.1745938129723072,0.1745938129723072
5,1e-04,0.1721183889872068,0.17078355178236962,0.17078355178236962
6,1e-04,0.1688995657416133,0.16792110353708267,0.16792110353708267
7,1e-04,0.1669698754301319,0.16609101444482804,0.16609101444482804
8,1e-04,0.1649127954786474,0.16363968402147294,0.16363968402147294
9,1e-04,0.16322459570773237,0.1631423458456993,0.1631423458456993
10,1e-04,0.16210803408901414,0.16228219643235206,0.16228219643235206
11,1e-04,0.16116530012774777,0.16097467318177222,0.16097467318177222
12,1e-04,0.16025958219905953,0.16083118319511414,0.16083118319511414
13,1e-04,0.15936984837829293,0.15838989093899727,0.15838989093899727
14,1e-04,0.15803529457612472,0.15795644000172615,0.15795644000172615
15,1e-04,0.15794959703049102,0.1604558825492859,0.15795644000172615
16,1e-04,0.1571298228068785,0.15789936631917953,0.15789936631917953
17,1e-04,0.15639715186961287,0.15563957393169403,0.15563957393169403
18,1e-04,0.15640430945854683,0.15692200288176536,0.15563957393169403
19,1e-04,0.15535040335221725,0.1543803706765175,0.1543803706765175
20,1e-04,0.15500023690136996,0.15410349071025847,0.15410349071025847
21,1e-04,0.15425040834135822,0.15360795855522155,0.15360795855522155
22,1e-04,0.15359618176113476,0.15286769196391106,0.15286769196391106
23,1e-04,0.15339291463424634,0.153355123847723,0.15286769196391106
24,1e-04,0.15319618892360043,0.1523825205862522,0.1523825205862522
25,1e-04,0.15237486226992172,0.15276956260204316,0.1523825205862522
26,1e-04,0.15211357369825437,0.1518578715622425,0.1518578715622425
27,1e-04,0.151374830634563,0.15081020146608354,0.15081020146608354
28,1e-04,0.15184824768598978,0.15056082457304001,0.15056082457304001
29,1e-04,0.15163823846098665,0.1505122020840645,0.1505122020840645
30,1e-04,0.15090657615816438,0.15108257681131362,0.1505122020840645
31,1e-04,0.15057416395707565,0.14966409504413605,0.14966409504413605
32,1e-04,0.14979200471531262,0.15010748952627181,0.14966409504413605
33,1e-04,0.14929728035802964,0.14981061667203904,0.14966409504413605
34,1e-04,0.14904478637429028,0.14901379868388176,0.14901379868388176
35,1e-04,0.1488508976899184,0.14858813509345054,0.14858813509345054
36,1e-04,0.1483387082041084,0.14864846989512442,0.14858813509345054
37,1e-04,0.14837202700701627,0.14780634716153146,0.14780634716153146
38,1e-04,0.14886161955920132,0.15692006126046182,0.14780634716153146
39,1e-04,0.1484087783020812,0.14770173728466035,0.14770173728466035
40,1e-04,0.14816041464929458,0.14793067052960396,0.14770173728466035
41,1e-04,0.1474006265014797,0.14787823110818862,0.14770173728466035
42,1e-04,0.14719691117862602,0.1487327665090561,0.14770173728466035
43,1e-04,0.14676299846017515,0.14717669710516929,0.14717669710516929
44,1e-04,0.14736413104193552,0.14848276153206824,0.14717669710516929
45,1e-04,0.1468700184063478,0.14660182520747184,0.14660182520747184
46,1e-04,0.1466932561877486,0.1462675638496876,0.1462675638496876
47,1e-04,0.1462828153139585,0.14544584676623346,0.14544584676623346
48,1e-04,0.14584982027481128,0.14542053639888763,0.14542053639888763
49,1e-04,0.1460326983557119,0.14488172978162767,0.14488172978162767
50,1e-04,0.14512567222118378,0.14515337347984314,0.14488172978162767
51,1e-04,0.1460202369210008,0.14455490857362746,0.14455490857362746
52,1e-04,0.14554546618616426,0.14547507837414742,0.14455490857362746
53,1e-04,0.1450328381804677,0.14484587907791138,0.14455490857362746
54,1e-04,0.1449478483432299,0.14425980374217034,0.14425980374217034
55,1e-04,0.1448633721122494,0.14474871829152108,0.14425980374217034
56,1e-04,0.14451928107769457,0.14431631863117217,0.14425980374217034
57,1e-04,0.14496493436299362,0.1475040502846241,0.14425980374217034
58,1e-04,0.14424601119834107,0.14456050843000412,0.14425980374217034
59,1e-04,0.1448794204693336,0.1433531254529953,0.1433531254529953
60,1e-04,0.14390308342196725,0.1434013143181801,0.1433531254529953
61,1e-04,0.1440411794495273,0.1433960899710655,0.1433531254529953
62,1e-04,0.14348350600762802,0.1437707267701626,0.1433531254529953
63,1e-04,0.1437284569074581,0.14317150861024858,0.14317150861024858
64,1e-04,0.14348899331185724,0.14462680816650392,0.14317150861024858
65,1e-04,0.1433599382251888,0.143201944231987,0.14317150861024858
66,1e-04,0.142924766842421,0.14334602728486062,0.14317150861024858
67,1e-04,0.14325047632703533,0.14315546452999114,0.14315546452999114
68,1e-04,0.1430019542768404,0.143575219810009,0.14315546452999114
69,1e-04,0.14262602371828897,0.14292817786335946,0.14292817786335946
70,1e-04,0.14277131100753684,0.14424837455153466,0.14292817786335946
71,1e-04,0.14332864346442284,0.14241315945982932,0.14241315945982932
72,1e-04,0.1428309115883592,0.1426399327814579,0.14241315945982932
73,1e-04,0.14215611792229987,0.14262328371405603,0.14241315945982932
74,1e-04,0.14188020531233256,0.14402278810739516,0.14241315945982932
75,1e-04,0.14221460033546796,0.14478242993354798,0.14241315945982932
76,1e-04,0.14232204331980122,0.14146590307354928,0.14146590307354928
77,1e-04,0.14170028482164657,0.14251734241843222,0.14146590307354928
78,1e-04,0.14177986108637475,0.14156754016876222,0.14146590307354928
79,1e-04,0.1415779149377501,0.1422271266579628,0.14146590307354928
80,1e-04,0.14173861544627647,0.14124874174594879,0.14124874174594879
81,1e-04,0.14138756518240098,0.14079495817422866,0.14079495817422866
82,1e-04,0.14123353265322647,0.14170949012041092,0.14079495817422866
83,1e-04,0.14138124825118423,0.1405963622033596,0.1405963622033596
84,1e-04,0.14109969390677168,0.14146156385540962,0.1405963622033596
85,1e-04,0.14116339211340073,0.14134254977107047,0.1405963622033596
86,1e-04,0.14116605342208566,0.1410585418343544,0.1405963622033596
87,1e-04,0.14120794832706451,0.14080132469534873,0.1405963622033596
88,1e-04,0.14074520786087236,0.1412372976541519,0.1405963622033596
89,1e-04,0.14093159739073222,0.14138367921113967,0.1405963622033596
90,1e-04,0.14099495945038734,0.14157852083444594,0.1405963622033596
91,1e-04,0.14049421386285263,0.14136708676815032,0.1405963622033596
92,1e-04,0.14067923906561616,0.14006019830703736,0.14006019830703736
93,1e-04,0.1402584457552278,0.14048893973231316,0.14006019830703736
94,1e-04,0.14040737531401895,0.1404755912721157,0.14006019830703736
95,1e-04,0.13999993963675064,0.13976578265428544,0.13976578265428544
96,1e-04,0.1402515196180963,0.13978726491332055,0.13976578265428544
97,1e-04,0.14031173443639433,0.1398087665438652,0.13976578265428544
98,1e-04,0.14007367996813416,0.13987027630209922,0.13976578265428544
99,1e-04,0.13984716344963422,0.14000710621476173,0.13976578265428544
100,1e-04,0.13975834749735794,0.14182497411966324,0.13976578265428544
101,1e-04,0.13997193841965166,0.14140515252947808,0.13976578265428544
102,1e-04,0.13995980519752999,0.13997775316238403,0.13976578265428544
103,1e-04,0.13966981234488549,0.1395871378481388,0.1395871378481388
104,1e-04,0.13951810933165737,0.14016488268971444,0.1395871378481388
105,1e-04,0.13947345006775547,0.1388918325304985,0.1388918325304985
106,1e-04,0.1395164519161373,0.1389197364449501,0.1388918325304985
107,1e-04,0.13934866484109457,0.13947610408067704,0.1388918325304985
108,1e-04,0.13925759823291334,0.14158856645226478,0.1388918325304985
109,1e-04,0.1390605608557726,0.1386322557926178,0.1386322557926178
110,1e-04,0.13882722270179104,0.13952568247914315,0.1386322557926178
111,1e-04,0.1387405339386556,0.13863815665245055,0.1386322557926178
112,1e-04,0.13860455697233026,0.14068517908453942,0.1386322557926178
113,1e-04,0.13907579748661486,0.138680087774992,0.1386322557926178
114,1e-04,0.13855909256191998,0.13814573213458062,0.13814573213458062
115,1e-04,0.13887429885662994,0.13969230502843857,0.13814573213458062
116,1e-04,0.1387500207532536,0.13919130191206933,0.13814573213458062
117,1e-04,0.13862412490627982,0.1393807515501976,0.13814573213458062
118,1e-04,0.13886293672121963,0.13917719647288324,0.13814573213458062
119,1e-04,0.13903738016431982,0.13820031881332398,0.13814573213458062
120,1e-04,0.13801488706043788,0.13783012926578522,0.13783012926578522
121,1e-04,0.13813180118412166,0.13941024690866471,0.13783012926578522
122,1e-04,0.13865690987992596,0.13785974830389022,0.13783012926578522
123,1e-04,0.13768443000781072,0.1379675015807152,0.13783012926578522
124,1e-04,0.13768651675094257,0.13842059671878815,0.13783012926578522
125,1e-04,0.13763574143121768,0.138982804864645,0.13783012926578522
126,1e-04,0.13762696755009812,0.13883615136146546,0.13783012926578522
127,1e-04,0.13779027972902572,0.1378929615020752,0.13783012926578522
128,1e-04,0.13776223845296093,0.13823998346924782,0.13783012926578522
129,6.9999995e-05,0.13764870979569174,0.13777761086821555,0.13777761086821555
130,6.9999995e-05,0.13710665277072362,0.13766139149665832,0.13766139149665832
131,6.9999995e-05,0.13707694004882465,0.13738161697983742,0.13738161697983742
132,6.9999995e-05,0.1369767724113031,0.13703742027282714,0.13703742027282714
133,6.9999995e-05,0.1376038422058155,0.13734957650303842,0.13703742027282714
134,6.9999995e-05,0.13711683868200747,0.1371944695711136,0.13703742027282714
135,6.9999995e-05,0.13697649054713062,0.13733795434236526,0.13703742027282714
136,6.9999995e-05,0.13661272223893697,0.1371031954884529,0.13703742027282714
137,6.9999995e-05,0.1368562329512138,0.13708484172821045,0.13703742027282714
138,6.9999995e-05,0.1369425068040947,0.13697009459137915,0.13697009459137915
139,6.9999995e-05,0.13667703023204555,0.1370407059788704,0.13697009459137915
140,6.9999995e-05,0.13682952610316215,0.13733742758631706,0.13697009459137915
141,6.9999995e-05,0.13664378574142208,0.13714664727449416,0.13697009459137915
142,6.9999995e-05,0.1363809517064652,0.13674749210476875,0.13674749210476875
143,6.9999995e-05,0.136259503759347,0.13658512383699417,0.13658512383699417
144,6.9999995e-05,0.13655842579417415,0.13649114817380906,0.13649114817380906
145,6.9999995e-05,0.1362224943065024,0.13676038309931754,0.13649114817380906
146,6.9999995e-05,0.13633484006315083,0.1379878342151642,0.13649114817380906
147,6.9999995e-05,0.13621302007080674,0.13671981617808343,0.13649114817380906
148,6.9999995e-05,0.1363275031764786,0.13663020431995393,0.13649114817380906
149,6.9999995e-05,0.13622052512772673,0.136336762458086,0.136336762458086
150,6.9999995e-05,0.13641843238434234,0.13624511584639548,0.13624511584639548
151,6.9999995e-05,0.1362514736783969,0.13838378563523293,0.13624511584639548
152,6.9999995e-05,0.136244382370602,0.13742415681481362,0.13624511584639548
153,6.9999995e-05,0.13624872867163126,0.13642662912607192,0.13624511584639548
154,6.9999995e-05,0.136002392931418,0.13633046746253968,0.13624511584639548
155,6.9999995e-05,0.13577980857777905,0.1361243173480034,0.1361243173480034
156,6.9999995e-05,0.13569995180352942,0.136274816095829,0.1361243173480034
157,6.9999995e-05,0.135761327364228,0.13618282452225686,0.1361243173480034
158,6.9999995e-05,0.13595578277652914,0.1368389420211315,0.1361243173480034
159,6.9999995e-05,0.13576576355602835,0.13598257824778556,0.13598257824778556
160,6.9999995e-05,0.13571164437702724,0.13612242341041564,0.13598257824778556
161,6.9999995e-05,0.13548478967957683,0.1358175866305828,0.1358175866305828
162,6.9999995e-05,0.13569264268720305,0.13602185994386673,0.1358175866305828
163,6.9999995e-05,0.1358219844760833,0.13564999923110008,0.13564999923110008
164,6.9999995e-05,0.13552826333355594,0.13581910431385041,0.13564999923110008
165,6.9999995e-05,0.13535431540244586,0.13589780256152154,0.13564999923110008
166,6.9999995e-05,0.1352890631208172,0.13624164164066316,0.13564999923110008
167,6.9999995e-05,0.13596977874056085,0.1367199018597603,0.13564999923110008
168,6.9999995e-05,0.13547646302681465,0.13575039580464363,0.13564999923110008
169,6.9999995e-05,0.13523411644356592,0.13575510755181314,0.13564999923110008
170,6.9999995e-05,0.13548924870692292,0.1367290697991848,0.13564999923110008
171,6.9999995e-05,0.13547335594118415,0.13553631976246833,0.13553631976246833
172,6.9999995e-05,0.13514685214726957,0.1360163778066635,0.13553631976246833
173,6.9999995e-05,0.13548155022518976,0.13580240830779075,0.13553631976246833
174,6.9999995e-05,0.1355186544068448,0.1363276533782482,0.13553631976246833
175,6.9999995e-05,0.13575827398083426,0.13557941988110542,0.13553631976246833
176,6.9999995e-05,0.13495677970833592,0.13556990548968315,0.13553631976246833
177,6.9999995e-05,0.13506428326492187,0.13538339361548424,0.13538339361548424
178,6.9999995e-05,0.13500736266761632,0.13534646183252336,0.13534646183252336
179,6.9999995e-05,0.13494723793361094,0.13531588166952133,0.13531588166952133
180,6.9999995e-05,0.1351845603097569,0.1351979047060013,0.1351979047060013
181,6.9999995e-05,0.134986155799457,0.13517901077866554,0.13517901077866554
182,6.9999995e-05,0.134743135277327,0.13534498512744902,0.13517901077866554
183,6.9999995e-05,0.13471939617937262,0.13530414551496506,0.13517901077866554
184,6.9999995e-05,0.1350028732573831,0.13574029058218,0.13517901077866554
185,6.9999995e-05,0.13502574818474905,0.13619053587317467,0.13517901077866554
186,6.9999995e-05,0.13496622830242305,0.13521202951669692,0.13517901077866554
187,6.9999995e-05,0.1347005038292377,0.13551557213068008,0.13517901077866554
188,6.9999995e-05,0.13452463809932982,0.13504801020026208,0.13504801020026208
189,6.9999995e-05,0.1348340946745563,0.1351178176701069,0.13504801020026208
190,6.9999995e-05,0.13500603007805811,0.13529217019677162,0.13504801020026208
191,6.9999995e-05,0.1345965498453611,0.13574675396084784,0.13504801020026208
192,6.9999995e-05,0.1349714934438854,0.13529585376381875,0.13504801020026208
193,6.9999995e-05,0.13451390239325436,0.13456714674830436,0.13456714674830436
194,6.9999995e-05,0.13447270822989477,0.13581976145505906,0.13456714674830436
195,6.9999995e-05,0.13491132932823974,0.13447184152901173,0.13447184152901173
196,6.9999995e-05,0.13430985547118374,0.13559240326285363,0.13447184152901173
197,6.9999995e-05,0.13450582935051483,0.13454368487000465,0.13447184152901173
198,6.9999995e-05,0.13417925879165724,0.13523506000638008,0.13447184152901173
199,6.9999995e-05,0.13411150843679132,0.13496347218751908,0.13447184152901173
200,6.9999995e-05,0.1345788219145366,0.13482472747564317,0.13447184152901173
201,6.9999995e-05,0.1344075764154459,0.13509806618094444,0.13447184152901173
202,6.9999995e-05,0.1343083108787413,0.13506214171648026,0.13447184152901173
203,6.9999995e-05,0.13409859870935414,0.13446721211075782,0.13446721211075782
204,6.9999995e-05,0.13394046739324347,0.13558898568153382,0.13446721211075782
205,6.9999995e-05,0.13420909536736353,0.1342051163315773,0.1342051163315773
206,6.9999995e-05,0.1341649102313178,0.1347656838595867,0.1342051163315773
207,6.9999995e-05,0.1339432516848886,0.13476541861891747,0.1342051163315773
208,6.9999995e-05,0.13381248025538087,0.1347682185471058,0.1342051163315773
209,6.9999995e-05,0.13386325315608608,0.13441532775759696,0.1342051163315773
210,6.9999995e-05,0.13392142206430435,0.1342681109905243,0.1342051163315773
211,6.9999995e-05,0.1337692750158248,0.13444856479763984,0.1342051163315773
212,6.9999995e-05,0.1336335466279612,0.1343914896249771,0.1342051163315773
213,6.9999995e-05,0.13387884915649118,0.13416058905422687,0.13416058905422687
214,6.9999995e-05,0.13369368181213157,0.133857374638319,0.133857374638319
215,6.9999995e-05,0.13360525986977986,0.13430115580558777,0.133857374638319
216,6.9999995e-05,0.13381437357369955,0.13409499116241932,0.133857374638319
217,6.9999995e-05,0.1335825055063545,0.1341174140572548,0.133857374638319
218,6.9999995e-05,0.1335496940202527,0.13496659323573112,0.133857374638319
219,6.9999995e-05,0.13389292591578,0.13464793860912322,0.133857374638319
220,6.9999995e-05,0.13383593061914692,0.1341794241219759,0.133857374638319
221,6.9999995e-05,0.13360733287287996,0.13387307226657869,0.133857374638319
222,6.9999995e-05,0.1336517632007599,0.13366910107433796,0.13366910107433796
223,6.9999995e-05,0.1336530034805273,0.13374358415603638,0.13366910107433796
224,6.9999995e-05,0.13334475980176555,0.1340362351387739,0.13366910107433796
225,6.9999995e-05,0.13334508143462143,0.13387855514883995,0.13366910107433796
226,6.9999995e-05,0.13327380279441933,0.1336248219013214,0.1336248219013214
227,6.9999995e-05,0.1333820457969393,0.1340629406273365,0.1336248219013214
228,6.9999995e-05,0.13315972385855465,0.13373917192220688,0.1336248219013214
229,6.9999995e-05,0.1331122267942924,0.1341458387672901,0.1336248219013214
230,6.9999995e-05,0.13349222778886943,0.13454158753156661,0.1336248219013214
231,6.9999995e-05,0.1332292381625671,0.13416447825729846,0.1336248219013214
232,6.9999995e-05,0.13337623337646584,0.1336870640516281,0.1336248219013214
233,6.9999995e-05,0.1331970424621136,0.1335353173315525,0.1335353173315525
234,6.9999995e-05,0.13329415690976304,0.13360451348125935,0.1335353173315525
235,6.9999995e-05,0.1330479048676305,0.13440343290567397,0.1335353173315525
236,6.9999995e-05,0.13296098087902192,0.13340330868959427,0.13340330868959427
237,6.9999995e-05,0.13304249042427385,0.13407524339854718,0.13340330868959427
238,6.9999995e-05,0.13325226055337236,0.13345280513167382,0.13340330868959427
239,6.9999995e-05,0.13299480874043007,0.13340083584189416,0.13340083584189416
240,6.9999995e-05,0.13301724514790944,0.13351837806403638,0.13340083584189416
241,6.9999995e-05,0.13299703065838134,0.13334228470921516,0.13334228470921516
242,6.9999995e-05,0.13299227351105058,0.1337409421801567,0.13334228470921516
243,6.9999995e-05,0.132938254479464,0.13390190973877908,0.13334228470921516
244,6.9999995e-05,0.13294456454066486,0.13365993797779083,0.13334228470921516
245,6.9999995e-05,0.13269367736655396,0.13346999622881411,0.13334228470921516
246,6.9999995e-05,0.1328247542698662,0.13296964764595032,0.13296964764595032
247,6.9999995e-05,0.1331080448898402,0.1333369228988886,0.13296964764595032
248,6.9999995e-05,0.13274192810058594,0.1341770313680172,0.13296964764595032
249,6.9999995e-05,0.1331595137908861,0.13338524401187896,0.13296964764595032
250,6.9999995e-05,0.1325865305669896,0.13362573720514775,0.13296964764595032
251,6.9999995e-05,0.13286746612616948,0.13327152840793133,0.13296964764595032
252,6.9999995e-05,0.1327446328548642,0.13309237807989122,0.13296964764595032
253,6.9999995e-05,0.13240849071895922,0.1334810070693493,0.13296964764595032
254,6.9999995e-05,0.13232735147723904,0.13310750164091587,0.13296964764595032
255,6.9999995e-05,0.13236422101398568,0.1330974169075489,0.13296964764595032
256,6.9999995e-05,0.13284866153806835,0.13384795226156712,0.13296964764595032
257,6.9999995e-05,0.13242817379824526,0.13286737650632857,0.13286737650632857
258,6.9999995e-05,0.1324000165059969,0.13316049464046956,0.13286737650632857
259,4.9e-05,0.13230941425283232,0.13265060111880303,0.13265060111880303
260,4.9e-05,0.13202649993555887,0.1331659398972988,0.13265060111880303
261,4.9e-05,0.1320375580485765,0.1328483611345291,0.13265060111880303
262,4.9e-05,0.13212394956257437,0.132832682877779,0.13265060111880303
263,4.9e-05,0.1320837399402222,0.13279219754040242,0.13265060111880303
264,4.9e-05,0.13192056341991795,0.13270873278379441,0.13265060111880303
265,4.9e-05,0.13210993182736558,0.13303837664425372,0.13265060111880303
266,4.9e-05,0.13197018767332103,0.13288110233843325,0.13265060111880303
267,4.9e-05,0.13198410400322505,0.13375522643327714,0.13265060111880303
268,4.9e-05,0.1319584423651943,0.13250134140253067,0.13250134140253067
269,4.9e-05,0.13204354831537643,0.1327958345413208,0.13250134140253067
270,4.9e-05,0.13207927868737804,0.13249390497803687,0.13249390497803687
271,4.9e-05,0.13201399292651708,0.13279675357043744,0.13249390497803687
272,4.9e-05,0.1317890514801075,0.13269295617938043,0.13249390497803687
273,4.9e-05,0.13174321067023587,0.1325913578271866,0.13249390497803687
274,4.9e-05,0.1317725223186728,0.13258869163691997,0.13249390497803687
275,4.9e-05,0.13185943256724963,0.1322873942553997,0.1322873942553997
276,4.9e-05,0.1318717970476522,0.13251614719629287,0.1322873942553997
277,4.9e-05,0.13191060663817764,0.13267303667962552,0.1322873942553997
278,4.9e-05,0.13206146173662953,0.13259472213685514,0.1322873942553997
279,4.9e-05,0.13180726166669424,0.1324864149093628,0.1322873942553997
280,4.9e-05,0.1316494619498005,0.13248308263719083,0.1322873942553997
281,4.9e-05,0.13174774246169374,0.13251375071704388,0.1322873942553997
282,4.9e-05,0.13177156903139955,0.13254588544368745,0.1322873942553997
283,4.9e-05,0.13168835078741048,0.13228637129068374,0.13228637129068374
284,4.9e-05,0.1316117387893912,0.1325841385871172,0.13228637129068374
285,4.9e-05,0.13173542597464152,0.13211563900113105,0.13211563900113105
286,4.9e-05,0.13169572308853075,0.1322965484112501,0.13211563900113105
287,4.9e-05,0.13146138413772954,0.13210373595356942,0.13210373595356942
288,4.9e-05,0.13145133891662994,0.13218315616250037,0.13210373595356942
289,4.9e-05,0.13186351993641296,0.13277992233633995,0.13210373595356942
290,4.9e-05,0.13141080650029244,0.1323675062507391,0.13210373595356942
291,4.9e-05,0.13162667613911938,0.13290737010538578,0.13210373595356942
292,4.9e-05,0.13156721828045784,0.13253726437687874,0.13210373595356942
293,4.9e-05,0.13147660886699503,0.13240350112318994,0.13210373595356942
294,4.9e-05,0.13161630435036376,0.13319800570607185,0.13210373595356942
295,4.9e-05,0.13129141065594438,0.13191172443330287,0.13191172443330287
296,4.9e-05,0.13162772938028558,0.13255448900163175,0.13191172443330287
297,4.9e-05,0.1314663010371196,0.13204783275723458,0.13191172443330287
298,4.9e-05,0.13140458062097624,0.13187942504882813,0.13187942504882813
299,4.9e-05,0.1316835946076876,0.13212051875889302,0.13187942504882813
300,4.9e-05,0.1314795748753981,0.13217615634202956,0.13187942504882813
301,4.9e-05,0.13133577770226962,0.13233599998056889,0.13187942504882813
302,4.9e-05,0.13141147027929106,0.13230295963585376,0.13187942504882813
303,4.9e-05,0.131399610212871,0.13196113370358944,0.13187942504882813
304,4.9e-05,0.13111686590430024,0.13200115524232386,0.13187942504882813
305,4.9e-05,0.13124378131968634,0.13204606994986534,0.13187942504882813
306,4.9e-05,0.1312365275505301,0.13231973871588706,0.13187942504882813
307,4.9e-05,0.13114040896490023,0.1323123060166836,0.13187942504882813
308,4.9e-05,0.13138142131365738,0.13306683227419852,0.13187942504882813
309,4.9e-05,0.13137246958621138,0.13218698017299174,0.13187942504882813
310,4.9e-05,0.13102455756493978,0.13191501386463642,0.13187942504882813
311,4.9e-05,0.13129169755167774,0.13219274319708346,0.13187942504882813
312,4.9e-05,0.131064147144169,0.13200297430157662,0.13187942504882813
313,4.9e-05,0.13115222916587607,0.13182464390993118,0.13182464390993118
314,4.9e-05,0.13151989509532977,0.13236759305000306,0.13182464390993118
315,4.9e-05,0.1310831695408016,0.13203148804605008,0.13182464390993118
316,4.9e-05,0.13095788715721726,0.13163247965276242,0.13163247965276242
317,4.9e-05,0.1311072168218625,0.13189891949295998,0.13163247965276242
318,4.9e-05,0.13091938129880212,0.1322676118463278,0.13163247965276242
319,4.9e-05,0.13103919921370297,0.13177497386932374,0.13163247965276242
320,4.9e-05,0.1308257860409749,0.1317978698760271,0.13163247965276242
321,4.9e-05,0.13129994311890045,0.13190532624721527,0.13163247965276242
322,4.9e-05,0.13101158465270873,0.13206158503890036,0.13163247965276242
323,4.9e-05,0.13100238657229907,0.13160546720027924,0.13160546720027924
324,4.9e-05,0.13085955303984803,0.131734624132514,0.13160546720027924
325,4.9e-05,0.1309010230682113,0.13147967159748078,0.13147967159748078
326,4.9e-05,0.13111032855201077,0.13161490373313428,0.13147967159748078
327,4.9e-05,0.13083139661844675,0.13174562640488147,0.13147967159748078
328,4.9e-05,0.1308884137830177,0.13151961974799634,0.13147967159748078
329,4.9e-05,0.130896645900491,0.13201210424304008,0.13147967159748078
330,4.9e-05,0.13095132929164094,0.13227834440767766,0.13147967159748078
331,4.9e-05,0.13088512430330376,0.1317948330193758,0.13147967159748078
332,4.9e-05,0.13088859066173628,0.13258768916130065,0.13147967159748078
333,4.9e-05,0.13079670787631692,0.13192297667264938,0.13147967159748078
334,4.9e-05,0.13070828196677295,0.13157094232738017,0.13147967159748078
335,4.9e-05,0.13070951208665774,0.1316861528903246,0.13147967159748078
336,4.9e-05,0.13103701241991736,0.13173853680491449,0.13147967159748078
337,4.9e-05,0.13051327376009583,0.1313767686486244,0.1313767686486244
338,4.9e-05,0.13087278023942725,0.13146914280951022,0.1313767686486244
339,4.9e-05,0.13088649017857268,0.13154934160411358,0.1313767686486244
340,4.9e-05,0.13070919800114322,0.13151551447808743,0.1313767686486244
341,4.9e-05,0.13079547833699684,0.13138655312359332,0.1313767686486244
342,4.9e-05,0.13069507837682576,0.13206136114895345,0.1313767686486244
343,4.9e-05,0.13061812278125193,0.13162834160029888,0.1313767686486244
344,4.9e-05,0.13081329606183165,0.1312699221074581,0.1312699221074581
345,4.9e-05,0.13066712399194766,0.13235793747007846,0.1312699221074581
346,4.9e-05,0.1305498384036027,0.1314197551459074,0.1312699221074581
347,4.9e-05,0.13056509225786506,0.13121544793248177,0.13121544793248177
348,4.9e-05,0.1306213920379614,0.1315262012183666,0.13121544793248177
349,4.9e-05,0.13062443206836652,0.13213080912828445,0.13121544793248177
350,4.9e-05,0.13048642883440117,0.13164254017174243,0.13121544793248177
351,4.9e-05,0.13047207756475968,0.1312340922653675,0.13121544793248177
352,4.9e-05,0.1305400872385347,0.13145885728299617,0.13121544793248177
353,4.9e-05,0.13041722126208344,0.13122562319040298,0.13121544793248177
354,4.9e-05,0.13038613869772328,0.1314899403601885,0.13121544793248177
355,4.9e-05,0.13050844917049656,0.13149475753307344,0.13121544793248177
356,4.9e-05,0.13043469103512825,0.1312100298702717,0.1312100298702717
357,4.9e-05,0.13044326462141878,0.13118991032242774,0.13118991032242774
358,4.9e-05,0.13058589195663278,0.13118514232337475,0.13118514232337475
359,4.9e-05,0.13043934813180527,0.13191787712275982,0.13118514232337475
360,4.9e-05,0.13043640641035972,0.13121625296771527,0.13118514232337475
361,4.9e-05,0.13021365978888103,0.1313043624162674,0.13118514232337475
362,4.9e-05,0.13045093533280608,0.13135739006102085,0.13118514232337475
363,4.9e-05,0.13023977417063404,0.131558296084404,0.13118514232337475
364,4.9e-05,0.1304054032866057,0.13131914101541042,0.13118514232337475
365,4.9e-05,0.1301763859855664,0.1314910091459751,0.13118514232337475
366,4.9e-05,0.13014919746231723,0.1309247463941574,0.1309247463941574
367,4.9e-05,0.13020968785533657,0.13096456974744797,0.1309247463941574
368,4.9e-05,0.1302628717445708,0.13098661601543427,0.1309247463941574
369,4.9e-05,0.13014621277908225,0.13102232590317725,0.1309247463941574
370,4.9e-05,0.1303550371682489,0.13100366704165936,0.1309247463941574
371,4.9e-05,0.13018871650293276,0.131049033254385,0.1309247463941574
372,4.9e-05,0.1301213540620618,0.13161547742784024,0.1309247463941574
373,4.9e-05,0.13011473833353487,0.13083807304501532,0.13083807304501532
374,4.9e-05,0.13023885581400488,0.13089027255773544,0.13083807304501532
375,4.9e-05,0.13007971383147426,0.13117628172039986,0.13083807304501532
376,4.9e-05,0.1301647372447051,0.1311529278755188,0.13083807304501532
377,4.9e-05,0.12997898933562366,0.13091389909386636,0.13083807304501532
378,4.9e-05,0.12993485306377534,0.13169275037944317,0.13083807304501532
379,4.9e-05,0.13012847613978695,0.13082458227872848,0.13082458227872848
380,4.9e-05,0.13015710214128742,0.13101645447313787,0.13082458227872848
381,4.9e-05,0.1298896840640477,0.13089165166020394,0.13082458227872848
382,4.9e-05,0.12998928652181255,0.13072965368628503,0.13072965368628503
383,4.9e-05,0.12987662619584567,0.1308163248002529,0.13072965368628503
384,4.9e-05,0.13000232900504943,0.13088384196162223,0.13072965368628503
385,4.9e-05,0.12992229796462246,0.13086682744324207,0.13072965368628503
386,4.9e-05,0.13032628857083134,0.13078270107507706,0.13072965368628503
387,4.9e-05,0.1300125942601786,0.13121701069176198,0.13072965368628503
388,4.9e-05,0.12980774286892507,0.13092590309679508,0.13072965368628503
389,3.4299996e-05,0.1298438740241063,0.13062257505953312,0.13062257505953312
390,3.4299996e-05,0.12959101960643546,0.13065010793507098,0.13062257505953312
391,3.4299996e-05,0.12965986006832741,0.13054630681872367,0.13054630681872367
392,3.4299996e-05,0.12963397423555326,0.13067447133362292,0.13054630681872367
393,3.4299996e-05,0.1296098336770937,0.13066070675849914,0.13054630681872367
394,3.4299996e-05,0.12961630039400868,0.1306413598358631,0.13054630681872367
395,3.4299996e-05,0.1296727613775761,0.13063273765146732,0.13054630681872367
396,3.4299996e-05,0.12956184110084137,0.1306980051100254,0.13054630681872367
397,3.4299996e-05,0.12973224391023835,0.13057195469737054,0.13054630681872367
398,3.4299996e-05,0.12954459271647714,0.1304917622357607,0.1304917622357607
399,3.4299996e-05,0.12962941496403185,0.1307292826473713,0.1304917622357607
400,3.4299996e-05,0.12953907764190203,0.1303771760314703,0.1303771760314703
401,3.4299996e-05,0.12951331866251958,0.13085909150540828,0.1303771760314703
402,3.4299996e-05,0.12947694086409234,0.130556808039546,0.1303771760314703
403,3.4299996e-05,0.1296654480037751,0.13034520484507084,0.13034520484507084
404,3.4299996e-05,0.1294628589764818,0.13043037317693235,0.13034520484507084
405,3.4299996e-05,0.12952944926627272,0.13078425265848637,0.13034520484507084
406,3.4299996e-05,0.12968313045702973,0.13033220507204532,0.13033220507204532
407,3.4299996e-05,0.12952111138925923,0.13077383860945702,0.13033220507204532
408,3.4299996e-05,0.12959751515806495,0.13053116537630557,0.13033220507204532
409,3.4299996e-05,0.1294945278144502,0.13039255663752555,0.13033220507204532
410,3.4299996e-05,0.12929134177310125,0.13044490478932858,0.13033220507204532
411,3.4299996e-05,0.12953956560655075,0.13235069215297698,0.13033220507204532
412,3.4299996e-05,0.12948626183070144,0.13058655560016633,0.13033220507204532
413,3.4299996e-05,0.129576990356693,0.13072022683918477,0.13033220507204532
414,3.4299996e-05,0.12951362655534374,0.13033882044255735,0.13033220507204532
415,3.4299996e-05,0.12948986887931824,0.13050227873027326,0.13033220507204532
416,3.4299996e-05,0.1294601925394752,0.1303908620029688,0.13033220507204532
417,3.4299996e-05,0.12938030615642473,0.13056766912341117,0.13033220507204532
418,3.4299996e-05,0.1294370073970262,0.13023409955203533,0.13023409955203533
419,3.4299996e-05,0.12939402122389188,0.13013544157147408,0.13013544157147408
420,3.4299996e-05,0.1293329531689743,0.13183262199163437,0.13013544157147408
421,3.4299996e-05,0.12950303357142906,0.13036575838923453,0.13013544157147408
422,3.4299996e-05,0.12925393434313984,0.13035151436924935,0.13013544157147408
423,3.4299996e-05,0.12932638872366448,0.13015236370265484,0.13013544157147408
424,3.4299996e-05,0.12927739699552585,0.13020028062164785,0.13013544157147408
425,3.4299996e-05,0.1296147225158555,0.13050861805677413,0.13013544157147408
426,3.4299996e-05,0.12937792148682978,0.13030700273811818,0.13013544157147408
427,3.4299996e-05,0.12932219511115706,0.13050019480288028,0.13013544157147408
428,3.4299996e-05,0.12936925655835635,0.13015690967440605,0.13013544157147408
429,3.4299996e-05,0.12933836093583664,0.13049489594995975,0.13013544157147408
430,3.4299996e-05,0.12931016726153238,0.13026700764894486,0.13013544157147408
431,3.4299996e-05,0.1293463897588965,0.13021281622350217,0.13013544157147408
432,3.4299996e-05,0.12930516627701846,0.13040602765977383,0.13013544157147408
433,3.4299996e-05,0.12950538737433298,0.13015893287956715,0.13013544157147408
434,3.4299996e-05,0.12898213735648564,0.13034954369068147,0.13013544157147408
435,3.4299996e-05,0.12922506218219731,0.1303024932742119,0.13013544157147408
436,3.4299996e-05,0.12924743375994943,0.13036522045731544,0.13013544157147408
437,3.4299996e-05,0.12934977290305225,0.13037025965750218,0.13013544157147408
438,3.4299996e-05,0.12907409929222874,0.13016124852001668,0.13013544157147408
439,3.4299996e-05,0.12927854931973792,0.12990141436457633,0.12990141436457633
440,3.4299996e-05,0.12920693608073444,0.1301204327493906,0.12990141436457633
441,3.4299996e-05,0.12913120673461395,0.12986220568418502,0.12986220568418502
442,3.4299996e-05,0.12910861947706767,0.1302029013633728,0.12986220568418502
443,3.4299996e-05,0.12910568191633595,0.13011061921715736,0.12986220568418502
444,3.4299996e-05,0.1290189785423217,0.13013723269104957,0.12986220568418502
445,3.4299996e-05,0.12913400312135745,0.13039353005588056,0.12986220568418502
446,3.4299996e-05,0.12917496486530675,0.13002293929457664,0.12986220568418502
447,3.4299996e-05,0.1290231891847276,0.13015551380813123,0.12986220568418502
448,3.4299996e-05,0.1289580983968524,0.1299920853227377,0.12986220568418502
449,3.4299996e-05,0.1290054541903657,0.1300711825489998,0.12986220568418502
450,3.4299996e-05,0.12917222130995293,0.12995096519589425,0.12986220568418502
451,3.4299996e-05,0.12915543302313073,0.13008489049971103,0.12986220568418502
452,3.4299996e-05,0.12899809204912804,0.1301311891525984,0.12986220568418502
453,3.4299996e-05,0.1290508939267753,0.13055338710546494,0.12986220568418502
454,3.4299996e-05,0.12889134719387277,0.13027414865791798,0.12986220568418502
455,3.4299996e-05,0.1290984922028207,0.12993358001112937,0.12986220568418502
456,3.4299996e-05,0.12910910695791245,0.13053349182009696,0.12986220568418502
457,3.4299996e-05,0.12913775395650368,0.13035148307681083,0.12986220568418502
458,3.4299996e-05,0.12909337568592716,0.13000618144869805,0.12986220568418502
459,3.4299996e-05,0.12911727192339958,0.13028770573437215,0.12986220568418502
460,3.4299996e-05,0.12900928504668274,0.1301409609615803,0.12986220568418502
461,3.4299996e-05,0.12918668220956603,0.13002766147255898,0.12986220568418502
462,3.4299996e-05,0.12887161041234996,0.13006882928311825,0.12986220568418502
463,3.4299996e-05,0.1290359218399246,0.12992273643612862,0.12986220568418502
464,3.4299996e-05,0.12899729561109047,0.13031810745596886,0.12986220568418502
465,3.4299996e-05,0.12909211024835512,0.1300086610019207,0.12986220568418502
466,3.4299996e-05,0.12888772340563984,0.12966455295681953,0.12966455295681953
467,3.4299996e-05,0.1288054802201011,0.1299215231090784,0.12966455295681953
468,3.4299996e-05,0.12903282539798067,0.1298335887491703,0.12966455295681953
469,3.4299996e-05,0.12883052607248355,0.12982868812978268,0.12966455295681953
470,3.4299996e-05,0.12898223837474723,0.12969887256622314,0.12966455295681953
471,3.4299996e-05,0.12893575304127358,0.12999727576971054,0.12966455295681953
472,3.4299996e-05,0.12884319999388286,0.12975287809967995,0.12966455295681953
473,3.4299996e-05,0.12874033698787937,0.13010113090276718,0.12966455295681953
474,3.4299996e-05,0.12885300273245032,0.129793806001544,0.12966455295681953
475,3.4299996e-05,0.12924764082803356,0.12990123294293882,0.12966455295681953
476,3.4299996e-05,0.128882503451465,0.12994424551725386,0.12966455295681953
477,3.4299996e-05,0.12889657305045563,0.13018358759582044,0.12966455295681953
478,3.4299996e-05,0.12881386512285703,0.12996788807213305,0.12966455295681953
479,3.4299996e-05,0.12874127972822685,0.13013638742268085,0.12966455295681953
480,3.4299996e-05,0.12873592063204034,0.12968897596001625,0.12966455295681953
481,3.4299996e-05,0.12866203912666865,0.12998846508562564,0.12966455295681953
482,3.4299996e-05,0.12892471582858595,0.13025794215500355,0.12966455295681953
483,3.4299996e-05,0.1288505769395209,0.13014832101762294,0.12966455295681953
484,3.4299996e-05,0.12863219587446809,0.13023306652903557,0.12966455295681953
485,3.4299996e-05,0.12858883126989587,0.12967582754790782,0.12966455295681953
486,3.4299996e-05,0.1287705774431105,0.12994406335055828,0.12966455295681953
487,3.4299996e-05,0.1288048228273144,0.1299310527741909,0.12966455295681953
488,3.4299996e-05,0.1287351196462458,0.1298207800835371,0.12966455295681953
489,3.4299996e-05,0.12879729328991532,0.12973595671355725,0.12966455295681953
490,3.4299996e-05,0.12863730426345552,0.1297040894627571,0.12966455295681953
491,3.4299996e-05,0.12867813828316602,0.1297493688762188,0.12966455295681953
492,3.4299996e-05,0.12862731022881224,0.12960657998919486,0.12960657998919486
493,3.4299996e-05,0.1284567912097101,0.12960585504770278,0.12960585504770278
494,3.4299996e-05,0.1286680775803405,0.1297142446041107,0.12960585504770278
495,3.4299996e-05,0.128703428263014,0.1301665309816599,0.12960585504770278
496,3.4299996e-05,0.1286667584405317,0.12988310493528843,0.12960585504770278
497,3.4299996e-05,0.1289112482752119,0.1298518531024456,0.12960585504770278
498,3.4299996e-05,0.12868205825616788,0.12974610477685927,0.12960585504770278
499,3.4299996e-05,0.12863558192144742,0.12971129640936852,0.12960585504770278
500,3.4299996e-05,0.12851441593526244,0.12993667796254157,0.12960585504770278
501,3.4299996e-05,0.128685928590886,0.1297603864222765,0.12960585504770278
502,3.4299996e-05,0.12865005530320206,0.1298836600035429,0.12960585504770278
503,3.4299996e-05,0.12851123782721433,0.12953418157994748,0.12953418157994748
504,3.4299996e-05,0.12849365697278606,0.1297863345593214,0.12953418157994748
505,3.4299996e-05,0.12852225820352506,0.1296928696334362,0.12953418157994748
506,3.4299996e-05,0.1286645650670126,0.12983253374695777,0.12953418157994748
507,3.4299996e-05,0.1285618106266121,0.12966837249696256,0.12953418157994748
508,3.4299996e-05,0.12865698850387103,0.1294747397303581,0.1294747397303581
509,3.4299996e-05,0.12840811995329796,0.12957714311778545,0.1294747397303581
510,3.4299996e-05,0.12861817620404356,0.12973725460469723,0.1294747397303581
511,3.4299996e-05,0.1284554261085275,0.1294120643287897,0.1294120643287897
512,3.4299996e-05,0.12862667518776733,0.12962958887219428,0.1294120643287897
513,3.4299996e-05,0.12866486850884054,0.12951727136969565,0.1294120643287897
514,3.4299996e-05,0.1285604185291699,0.1296287290751934,0.1294120643287897
515,3.4299996e-05,0.1284965934691491,0.12965712137520313,0.1294120643287897
516,3.4299996e-05,0.12848494927604476,0.12939371168613434,0.12939371168613434
517,3.4299996e-05,0.12847781384533102,0.12943534702062606,0.12939371168613434
518,3.4299996e-05,0.12855869028475378,0.12959004528820514,0.12939371168613434
519,2.401e-05,0.12843389112453957,0.12926338091492653,0.12926338091492653
520,2.401e-05,0.1283222318856747,0.12926519028842448,0.12926338091492653
521,2.401e-05,0.12829069367476872,0.12923558428883553,0.12923558428883553
522,2.401e-05,0.12820202924988486,0.12953398935496807,0.12923558428883553
523,2.401e-05,0.1282896939423177,0.12942570447921753,0.12923558428883553
524,2.401e-05,0.1282276457973889,0.1295362439006567,0.12923558428883553
525,2.401e-05,0.12829405737000626,0.12921532839536667,0.12921532839536667
526,2.401e-05,0.12817433689321792,0.1294558234512806,0.12921532839536667
527,2.401e-05,0.12831361930478702,0.12953293807804583,0.12921532839536667
528,2.401e-05,0.1284102417238347,0.1293893836438656,0.12921532839536667
529,2.401e-05,0.12824084745212036,0.12931565009057522,0.12921532839536667
530,2.401e-05,0.12819577463261492,0.12962430380284787,0.12921532839536667
531,2.401e-05,0.12834031454154424,0.12945794463157653,0.12921532839536667
532,2.401e-05,0.1282737459261696,0.12946646921336652,0.12921532839536667
533,2.401e-05,0.12828642671758478,0.12923540957272053,0.12921532839536667
534,2.401e-05,0.12818318199027667,0.12936007604002953,0.12921532839536667
535,2.401e-05,0.12820934097875247,0.12939650565385818,0.12921532839536667
536,2.401e-05,0.1281185679427989,0.12937294393777848,0.12921532839536667
537,2.401e-05,0.12821419614476043,0.12909204848110675,0.12909204848110675
538,2.401e-05,0.12825902919103574,0.12920805178582667,0.12909204848110675
539,2.401e-05,0.12830937276412915,0.1293948996812105,0.12909204848110675
540,2.401e-05,0.12814686660255706,0.12961889877915383,0.12909204848110675
541,2.401e-05,0.1282482398794843,0.12939683124423026,0.12909204848110675
542,2.401e-05,0.12816594695890104,0.12934533916413785,0.12909204848110675
543,2.401e-05,0.12808087516527672,0.12923847883939743,0.12909204848110675
544,2.401e-05,0.128128143293517,0.1293887011706829,0.12909204848110675
545,2.401e-05,0.1281580278625736,0.12922621555626393,0.12909204848110675
546,2.401e-05,0.12810368119896232,0.12916216179728507,0.12909204848110675
547,2.401e-05,0.12817692408314,0.1297191958874464,0.12909204848110675
548,2.401e-05,0.12812084704637527,0.1293929312378168,0.12909204848110675
549,2.401e-05,0.1281210391165374,0.12919488810002805,0.12909204848110675
550,2.401e-05,0.12803967355133652,0.12908912487328053,0.12908912487328053
551,2.401e-05,0.12812469232004958,0.12958906702697276,0.12908912487328053
552,2.401e-05,0.1282003925411732,0.12925747148692607,0.12908912487328053
553,2.401e-05,0.1281265849610428,0.1292400758713484,0.12908912487328053
554,2.401e-05,0.12809005708663496,0.12928033284842969,0.12908912487328053
555,2.401e-05,0.12804557025045543,0.12900895513594152,0.12900895513594152
556,2.401e-05,0.12811108717283645,0.12915658093988897,0.12900895513594152
557,2.401e-05,0.12802741221793287,0.1289814781397581,0.1289814781397581
558,2.401e-05,0.12818527473257735,0.129055317863822,0.1289814781397581
559,2.401e-05,0.12805057646005186,0.1291113704442978,0.1289814781397581
560,2.401e-05,0.1280812004750425,0.12954682856798172,0.1289814781397581
561,2.401e-05,0.1280348000975398,0.12929076552391053,0.1289814781397581
562,2.401e-05,0.1281270386723729,0.12922726422548295,0.1289814781397581
563,2.401e-05,0.12804852184150126,0.12900410443544388,0.1289814781397581
564,2.401e-05,0.12812800986039175,0.1291942611336708,0.1289814781397581
565,2.401e-05,0.1278936413975505,0.12917780168354512,0.1289814781397581
566,2.401e-05,0.12794417355741775,0.1290786236524582,0.1289814781397581
567,2.401e-05,0.12804955660135714,0.12926150783896445,0.1289814781397581
568,2.401e-05,0.12816640899165885,0.12928481474518777,0.1289814781397581
569,2.401e-05,0.1279594971762075,0.1292232047766447,0.1289814781397581
570,2.401e-05,0.12793615595860916,0.12939937822520733,0.1289814781397581
571,2.401e-05,0.12809240005233072,0.1290077343583107,0.1289814781397581
572,2.401e-05,0.1280921713098303,0.12912402339279652,0.1289814781397581
573,2.401e-05,0.12814758901859258,0.12906623557209967,0.1289814781397581
574,2.401e-05,0.12793217773561355,0.129314623773098,0.1289814781397581
575,2.401e-05,0.12796042104820152,0.12910071462392808,0.1289814781397581
576,2.401e-05,0.1280441933444568,0.12939021848142146,0.1289814781397581
577,2.401e-05,0.12794016253251533,0.12922511771321296,0.1289814781397581
578,2.401e-05,0.12803508515481826,0.1293374016880989,0.1289814781397581
579,2.401e-05,0.128110245257229,0.12950490973889828,0.1289814781397581
580,2.401e-05,0.12812748522340478,0.12901467867195607,0.1289814781397581
581,2.401e-05,0.12790187448263168,0.12967611849308014,0.1289814781397581
582,2.401e-05,0.12790339652981078,0.12902575209736825,0.1289814781397581
583,2.401e-05,0.12793838000529772,0.12901136986911296,0.1289814781397581
584,2.401e-05,0.12789528633092906,0.12928483374416827,0.1289814781397581
585,2.401e-05,0.127946820158463,0.12916587553918363,0.1289814781397581
586,2.401e-05,0.12790476279212282,0.12891576178371905,0.12891576178371905
587,2.401e-05,0.12781615206947575,0.1289120726287365,0.1289120726287365
588,2.401e-05,0.12778794678387703,0.12893583439290524,0.1289120726287365
589,2.401e-05,0.12790416461693777,0.12910303100943565,0.1289120726287365
590,2.401e-05,0.12793230555661314,0.12937980741262436,0.1289120726287365
591,2.401e-05,0.1278608405551353,0.12903827540576457,0.1289120726287365
592,2.401e-05,0.12778690747626417,0.12907230220735072,0.1289120726287365
593,2.401e-05,0.12787718374233742,0.12885734401643276,0.12885734401643276
594,2.401e-05,0.12788487109658006,0.12882387153804303,0.12882387153804303
595,2.401e-05,0.12785889779205445,0.12907893173396587,0.12882387153804303
596,2.401e-05,0.1277442667391393,0.12916004844009876,0.12882387153804303
597,2.401e-05,0.12776970631116397,0.12917996160686016,0.12882387153804303
598,2.401e-05,0.12803709284438716,0.12902780175209044,0.12882387153804303
599,2.401e-05,0.1278940107334744,0.1290831718593836,0.12882387153804303
600,2.401e-05,0.12772017620600662,0.12898520343005657,0.12882387153804303
601,2.401e-05,0.12783490643872844,0.128940836712718,0.12882387153804303
602,2.401e-05,0.12775152050829552,0.12938338555395604,0.12882387153804303
603,2.401e-05,0.12775770400638703,0.1288921270519495,0.12882387153804303
604,2.401e-05,0.12784223984201232,0.12877178341150283,0.12877178341150283
605,2.401e-05,0.12772607890429435,0.12885402105748653,0.12877178341150283
606,2.401e-05,0.12778349307837425,0.12889132499694825,0.12877178341150283
607,2.401e-05,0.12762868936572755,0.12889790199697018,0.12877178341150283
608,2.401e-05,0.12774921121535363,0.12880965545773507,0.12877178341150283
609,2.401e-05,0.12766749789188434,0.1286872323602438,0.1286872323602438
610,2.401e-05,0.127618088157146,0.1290412425994873,0.1286872323602438
611,2.401e-05,0.12763324244455856,0.12896669879555703,0.1286872323602438
612,2.401e-05,0.12774442968430458,0.12889755554497243,0.1286872323602438
613,2.401e-05,0.12767001076952203,0.12886589877307414,0.1286872323602438
614,2.401e-05,0.1277059946547855,0.12880698442459107,0.1286872323602438
615,2.401e-05,0.1277049613463414,0.1288919884711504,0.1286872323602438
616,2.401e-05,0.12763613520504594,0.12890836894512175,0.1286872323602438
617,2.401e-05,0.12776372562368193,0.12901814766228198,0.1286872323602438
618,2.401e-05,0.12776818281257307,0.12897660061717034,0.1286872323602438
619,2.401e-05,0.12770384472685975,0.1293571524322033,0.1286872323602438
620,2.401e-05,0.12773317369547757,0.12872288487851619,0.1286872323602438
621,2.401e-05,0.1277496905682923,0.12878211140632628,0.1286872323602438
622,2.401e-05,0.12774305645521586,0.12872059121727944,0.1286872323602438
623,2.401e-05,0.1276841675499817,0.12882427908480168,0.1286872323602438
624,2.401e-05,0.12764803029887087,0.12903167232871054,0.1286872323602438
625,2.401e-05,0.1276336657730016,0.1292075302451849,0.1286872323602438
626,2.401e-05,0.1277138963341713,0.12882727198302746,0.1286872323602438
627,2.401e-05,0.12756677833083388,0.1289114821702242,0.1286872323602438
628,2.401e-05,0.12759394256712556,0.128819652274251,0.1286872323602438
629,2.401e-05,0.12762215801260687,0.128707467392087,0.1286872323602438
630,2.401e-05,0.12774440268804502,0.12876943089067935,0.1286872323602438
631,2.401e-05,0.12759818204424597,0.12881622426211833,0.1286872323602438
632,2.401e-05,0.12756751042294812,0.12864471636712552,0.12864471636712552
633,2.401e-05,0.12751992733834625,0.12869491390883922,0.12864471636712552
634,2.401e-05,0.12769599123434586,0.12871171459555625,0.12864471636712552
635,2.401e-05,0.12765634669498963,0.12885583713650703,0.12864471636712552
636,2.401e-05,0.12768773976471517,0.128754161298275,0.12864471636712552
637,2.401e-05,0.12751236441847566,0.12890860103070736,0.12864471636712552
638,2.401e-05,0.12753719372021688,0.12875574193894862,0.12864471636712552
639,2.401e-05,0.1274695440933302,0.1287789449095726,0.12864471636712552
640,2.401e-05,0.12763070334474763,0.12882085070014,0.12864471636712552
641,2.401e-05,0.12747158390748037,0.12867581322789193,0.12864471636712552
642,2.401e-05,0.12761168636671907,0.12896230407059192,0.12864471636712552
643,2.401e-05,0.12739386825592486,0.12874002903699874,0.12864471636712552
644,2.401e-05,0.127428366089022,0.1287099275738001,0.12864471636712552
645,2.401e-05,0.12735340734580894,0.12879612483084202,0.12864471636712552
646,2.401e-05,0.12744844840331512,0.12888486981391906,0.12864471636712552
647,2.401e-05,0.12755984203381973,0.12863385416567324,0.12863385416567324
648,2.401e-05,0.1274871968410232,0.12897048108279704,0.12863385416567324
649,1.6806998e-05,0.12754572540908665,0.12859947010874748,0.12859947010874748
650,1.6806998e-05,0.1273820149627599,0.12860915213823318,0.12859947010874748
651,1.6806998e-05,0.12729940989187785,0.128651088103652,0.12859947010874748
652,1.6806998e-05,0.12736826215858582,0.1286692202091217,0.12859947010874748
653,1.6806998e-05,0.1273888001194248,0.12860917299985886,0.12859947010874748
654,1.6806998e-05,0.12742359781420076,0.12868876494467257,0.12859947010874748
655,1.6806998e-05,0.12740065080004853,0.12859399542212485,0.12859399542212485
656,1.6806998e-05,0.12742153748676374,0.12884805165231228,0.12859399542212485
657,1.6806998e-05,0.12736512304513486,0.12873953208327293,0.12859399542212485
658,1.6806998e-05,0.1272901160182891,0.1286642834544182,0.12859399542212485
659,1.6806998e-05,0.1273752535124878,0.1287796303629875,0.12859399542212485
660,1.6806998e-05,0.12735853015215365,0.1284374076873064,0.1284374076873064
661,1.6806998e-05,0.1273673585095963,0.12871584556996823,0.1284374076873064
662,1.6806998e-05,0.12731495964062678,0.1285712465643883,0.1284374076873064
663,1.6806998e-05,0.12726892230959683,0.12854212373495102,0.1284374076873064
664,1.6806998e-05,0.12722574232460618,0.12860991209745407,0.1284374076873064
665,1.6806998e-05,0.12731464942554374,0.12862708158791064,0.1284374076873064
666,1.6806998e-05,0.12742943413458863,0.1284455329179764,0.1284374076873064
667,1.6806998e-05,0.12735760463522627,0.12852622345089912,0.1284374076873064
668,1.6806998e-05,0.12730843322230623,0.12873953878879546,0.1284374076873064
669,1.6806998e-05,0.12734399881068761,0.12849342860281468,0.1284374076873064
670,1.6806998e-05,0.12732866387088576,0.12846440076828003,0.1284374076873064
671,1.6806998e-05,0.12733267412170188,0.12853207550942897,0.1284374076873064
672,1.6806998e-05,0.12717072317352543,0.12888379134237765,0.1284374076873064
673,1.6806998e-05,0.12723168382396946,0.12850278727710246,0.1284374076873064
674,1.6806998e-05,0.12729422167524115,0.12869887202978134,0.1284374076873064
675,1.6806998e-05,0.12724521494918056,0.12854408249258995,0.1284374076873064
676,1.6806998e-05,0.12734684261021675,0.12842834629118444,0.12842834629118444
677,1.6806998e-05,0.12731092432876687,0.1284643117338419,0.12842834629118444
678,1.6806998e-05,0.12724027918143707,0.1286706168204546,0.12842834629118444
679,1.6806998e-05,0.1273261940517983,0.12846168279647827,0.12842834629118444
680,1.6806998e-05,0.1271219819590643,0.12864067703485488,0.12842834629118444
681,1.6806998e-05,0.12730972575289862,0.12845600731670856,0.12842834629118444
682,1.6806998e-05,0.1273414162652833,0.1284891128540039,0.12842834629118444
683,1.6806998e-05,0.12728500143661128,0.12822631374001503,0.12822631374001503
684,1.6806998e-05,0.12725417557861898,0.12851598635315895,0.12822631374001503
685,1.6806998e-05,0.12728785829884665,0.1286444127559662,0.12822631374001503
686,1.6806998e-05,0.12713899908514767,0.12861676029860974,0.12822631374001503
687,1.6806998e-05,0.12727550281719727,0.1282041471451521,0.1282041471451521
688,1.6806998e-05,0.12736657068326876,0.12877475321292878,0.1282041471451521
689,1.6806998e-05,0.127259432688936,0.12829527221620082,0.1282041471451521
690,1.6806998e-05,0.12735579830485505,0.12847664169967174,0.1282041471451521
691,1.6806998e-05,0.12720247512900984,0.1283592626452446,0.1282041471451521
692,1.6806998e-05,0.1272340640425682,0.1283126339316368,0.1282041471451521
693,1.6806998e-05,0.12735077941959555,0.1285049609839916,0.1282041471451521
694,1.6806998e-05,0.12725435400551016,0.12852715700864792,0.1282041471451521
695,1.6806998e-05,0.12731795709628563,0.12830711863934993,0.1282041471451521
696,1.6806998e-05,0.12716601072967826,0.12836134023964405,0.1282041471451521
697,1.6806998e-05,0.12716707074409955,0.1284233707934618,0.1282041471451521
698,1.6806998e-05,0.1272094418089111,0.12843452915549278,0.1282041471451521
699,1.6806998e-05,0.12721474130045285,0.12854003496468067,0.1282041471451521
700,1.6806998e-05,0.12722285933695832,0.12826492488384247,0.1282041471451521
701,1.6806998e-05,0.12715610706961,0.12835929691791534,0.1282041471451521
702,1.6806998e-05,0.12733979319984262,0.12841035090386868,0.1282041471451521
703,1.6806998e-05,0.12724845614526178,0.12852296531200408,0.1282041471451521
704,1.6806998e-05,0.12715587184413688,0.12840340584516524,0.1282041471451521
705,1.6806998e-05,0.1271663781303864,0.12846814654767513,0.1282041471451521
706,1.6806998e-05,0.12715180972953896,0.12846027985215186,0.1282041471451521
707,1.6806998e-05,0.12709035259949697,0.12832196801900864,0.1282041471451521
708,1.6806998e-05,0.12718896838751706,0.12855369858443738,0.1282041471451521
709,1.6806998e-05,0.12716578885719373,0.12856651619076728,0.1282041471451521
710,1.6806998e-05,0.1271449527763701,0.1284606099128723,0.1282041471451521
711,1.6806998e-05,0.12714260323094084,0.12845518589019775,0.1282041471451521
712,1.6806998e-05,0.1271283005352144,0.1283090528100729,0.1282041471451521
713,1.6806998e-05,0.1271483657228482,0.12852403670549392,0.1282041471451521
714,1.6806998e-05,0.12710940934620896,0.12830838076770307,0.1282041471451521
715,1.6806998e-05,0.12724129255715902,0.1284979984164238,0.1282041471451521
716,1.6806998e-05,0.12714402106675235,0.12838721014559268,0.1282041471451521
717,1.6806998e-05,0.12718846426381694,0.1282934568822384,0.1282041471451521
718,1.6806998e-05,0.12727185154890086,0.12888873517513275,0.1282041471451521
719,1.6806998e-05,0.127140617312549,0.12820089869201184,0.12820089869201184
720,1.6806998e-05,0.1270823550301713,0.1280582223087549,0.1280582223087549
721,1.6806998e-05,0.12700934950020407,0.12817391715943813,0.1280582223087549
722,1.6806998e-05,0.12706354202388168,0.12840535379946233,0.1280582223087549
723,1.6806998e-05,0.12711989502241086,0.12823351919651033,0.1280582223087549
724,1.6806998e-05,0.12706202413741643,0.12849449627101422,0.1280582223087549
725,1.6806998e-05,0.12713883217279012,0.1284303616732359,0.1280582223087549
726,1.6806998e-05,0.12708433978743366,0.12823734395205974,0.1280582223087549
727,1.6806998e-05,0.12709496692790614,0.1283551525324583,0.1280582223087549
728,1.6806998e-05,0.1271067030437581,0.12823526449501516,0.1280582223087549
729,1.6806998e-05,0.1271017909824074,0.1281705293804407,0.1280582223087549
730,1.6806998e-05,0.1271169651057813,0.12854278646409512,0.1280582223087549
731,1.6806998e-05,0.1272271933493676,0.128305634111166,0.1280582223087549
732,1.6806998e-05,0.12700631566248932,0.12825652696192263,0.1280582223087549
733,1.6806998e-05,0.12717372256440002,0.1282748155295849,0.1280582223087549
734,1.6806998e-05,0.12696935468679899,0.12828946374356748,0.1280582223087549
735,1.6806998e-05,0.12701306646907484,0.12829223051667213,0.1280582223087549
736,1.6806998e-05,0.12709215109224442,0.12810732424259186,0.1280582223087549
737,1.6806998e-05,0.127020659578311,0.1283313151448965,0.1280582223087549
738,1.6806998e-05,0.1270659782669761,0.12828338146209717,0.1280582223087549
739,1.6806998e-05,0.12702012294298642,0.12846339792013167,0.1280582223087549
740,1.6806998e-05,0.12701946380850557,0.12813990078866483,0.1280582223087549
741,1.6806998e-05,0.12707233670857046,0.12819902412593365,0.1280582223087549
742,1.6806998e-05,0.1269844655286182,0.12801075391471387,0.12801075391471387
743,1.6806998e-05,0.1270231374285438,0.12841235660016537,0.12801075391471387
744,1.6806998e-05,0.1270048664761828,0.12832833379507064,0.12801075391471387
745,1.6806998e-05,0.12707290179156638,0.1282867778092623,0.12801075391471387
746,1.6806998e-05,0.12696690896114746,0.12840408012270926,0.12801075391471387
747,1.6806998e-05,0.12699138982729477,0.12807574234902858,0.12801075391471387
748,1.6806998e-05,0.12686100147374266,0.12835485823452472,0.12801075391471387
749,1.6806998e-05,0.12703861750952608,0.12815043181180955,0.12801075391471387
750,1.6806998e-05,0.12709805775772443,0.12831456996500493,0.12801075391471387
751,1.6806998e-05,0.12705313820730557,0.12842821292579173,0.12801075391471387
752,1.6806998e-05,0.12710316401797456,0.1285369150340557,0.12801075391471387
753,1.6806998e-05,0.12707725583345858,0.1281972672790289,0.12801075391471387
754,1.6806998e-05,0.12685390068339064,0.12815489992499352,0.12801075391471387
755,1.6806998e-05,0.1269153364292987,0.12842574529349804,0.12801075391471387
756,1.6806998e-05,0.1268261293699215,0.1282893478870392,0.12801075391471387
757,1.6806998e-05,0.12696456715658114,0.12824606113135814,0.12801075391471387
758,1.6806998e-05,0.1270667521597503,0.12836669981479645,0.12801075391471387
759,1.6806998e-05,0.12691822599668007,0.1280427649617195,0.12801075391471387
760,1.6806998e-05,0.12687016742957102,0.12823490500450135,0.12801075391471387
761,1.6806998e-05,0.12691750125838563,0.12802978791296482,0.12801075391471387
762,1.6806998e-05,0.12695545848313863,0.12809553258121015,0.12801075391471387
763,1.6806998e-05,0.1269448972367621,0.12836413979530334,0.12801075391471387
764,1.6806998e-05,0.12682539389117972,0.12817693166434765,0.12801075391471387
765,1.6806998e-05,0.126914817114155,0.12823252640664579,0.12801075391471387
766,1.6806998e-05,0.12702864360112648,0.12846097461879252,0.12801075391471387
767,1.6806998e-05,0.1269830935574197,0.12854025438427924,0.12801075391471387
768,1.6806998e-05,0.12684678624976764,0.12821240536868572,0.12801075391471387
769,1.6806998e-05,0.1268883388150822,0.128370451182127,0.12801075391471387
770,1.6806998e-05,0.12687616756597123,0.12804177403450012,0.12801075391471387
771,1.6806998e-05,0.1268557541362651,0.12815770804882048,0.12801075391471387
772,1.6806998e-05,0.1270342344393978,0.1281568929553032,0.12801075391471387
773,1.6806998e-05,0.12684704924558665,0.12814908251166343,0.12801075391471387
774,1.6806998e-05,0.12687868973264446,0.12808665297925473,0.12801075391471387
775,1.6806998e-05,0.12697957185181705,0.1279777843505144,0.1279777843505144
776,1.6806998e-05,0.12684490609091598,0.12827260829508305,0.1279777843505144
777,1.6806998e-05,0.12698695266788657,0.12808401323854923,0.1279777843505144
778,1.6806998e-05,0.12693744897842407,0.12809251770377159,0.1279777843505144
779,1.1764899e-05,0.12683768357549394,0.12801090478897095,0.1279777843505144
780,1.1764899e-05,0.12676336035712973,0.12811192572116853,0.1279777843505144
781,1.1764899e-05,0.1269092359519624,0.12828817516565322,0.1279777843505144
782,1.1764899e-05,0.12687332560489703,0.1281081523746252,0.1279777843505144
783,1.1764899e-05,0.12673246221882956,0.12809704057872295,0.1279777843505144
784,1.1764899e-05,0.12681954595949743,0.12804953567683697,0.1279777843505144
785,1.1764899e-05,0.12668983435088937,0.1280776046216488,0.1279777843505144
786,1.1764899e-05,0.1268182813927725,0.12812870778143406,0.1279777843505144
787,1.1764899e-05,0.1268008684183096,0.1281480945646763,0.1279777843505144
788,1.1764899e-05,0.12692105237926757,0.12805336937308312,0.1279777843505144
789,1.1764899e-05,0.126671434126117,0.1279485858976841,0.1279485858976841
790,1.1764899e-05,0.12670938225535602,0.1280977103859186,0.1279485858976841
791,1.1764899e-05,0.12673118149305318,0.12815139517188073,0.1279485858976841
792,1.1764899e-05,0.1266821532860979,0.12801761254668237,0.1279485858976841
793,1.1764899e-05,0.1268162438041204,0.12799060270190238,0.1279485858976841
794,1.1764899e-05,0.12680996422256743,0.1280605811625719,0.1279485858976841
795,1.1764899e-05,0.12676223628706745,0.12797062285244465,0.1279485858976841
796,1.1764899e-05,0.12677207366599666,0.12800323031842709,0.1279485858976841
797,1.1764899e-05,0.1267050625635432,0.12798381708562373,0.1279485858976841
798,1.1764899e-05,0.12675578911583146,0.12798863127827645,0.1279485858976841
799,1.1764899e-05,0.12674769604360903,0.12838026583194734,0.1279485858976841
800,1.1764899e-05,0.12685407881999944,0.12795413583517073,0.1279485858976841
801,1.1764899e-05,0.12673779635073304,0.12797439470887184,0.1279485858976841
802,1.1764899e-05,0.12678464889139324,0.12800715900957585,0.1279485858976841
803,1.1764899e-05,0.12668999719929386,0.12818979993462562,0.1279485858976841
804,1.1764899e-05,0.12663079014459214,0.12794175520539283,0.12794175520539283
805,1.1764899e-05,0.12675123739165145,0.12795406728982925,0.12794175520539283
806,1.1764899e-05,0.12666484413595944,0.1280243366956711,0.12794175520539283
807,1.1764899e-05,0.1267744544651601,0.12792369201779366,0.12792369201779366
808,1.1764899e-05,0.1266413497460353,0.12810503356158734,0.12792369201779366
809,1.1764899e-05,0.12662861815520696,0.12801979593932628,0.12792369201779366
810,1.1764899e-05,0.12656847523017364,0.12798395045101643,0.12792369201779366
811,1.1764899e-05,0.12675439817951872,0.12840704135596753,0.12792369201779366
812,1.1764899e-05,0.1267004849074723,0.1279163420200348,0.1279163420200348
813,1.1764899e-05,0.1267352361570705,0.1280252266675234,0.1279163420200348
814,1.1764899e-05,0.12672422497303454,0.12804030142724515,0.1279163420200348
815,1.1764899e-05,0.1266777991474449,0.12827255129814147,0.1279163420200348
816,1.1764899e-05,0.126680650687837,0.12787322960793973,0.12787322960793973
817,1.1764899e-05,0.12669693398011195,0.12785871848464012,0.12785871848464012
818,1.1764899e-05,0.12669210764881852,0.12778412476181983,0.12778412476181983
819,1.1764899e-05,0.12680628344223097,0.1280035488307476,0.12778412476181983
820,1.1764899e-05,0.12675425468327164,0.12776876613497734,0.12776876613497734
821,1.1764899e-05,0.1265935887183462,0.1278512965887785,0.12776876613497734
822,1.1764899e-05,0.12653418349755274,0.12801087610423564,0.12776876613497734
823,1.1764899e-05,0.12666338788611547,0.12807597741484641,0.12776876613497734
824,1.1764899e-05,0.12660658998148783,0.12794114127755166,0.12776876613497734
825,1.1764899e-05,0.12656209482388062,0.12799030914902687,0.12776876613497734
826,1.1764899e-05,0.12661168017944732,0.12780926935374737,0.12776876613497734
827,1.1764899e-05,0.12658525451824262,0.1279061444103718,0.12776876613497734
828,1.1764899e-05,0.12668864661222928,0.1280088797211647,0.12776876613497734
829,1.1764899e-05,0.1266743538828639,0.1280275247991085,0.12776876613497734
830,1.1764899e-05,0.1266773830760609,0.12800635881721972,0.12776876613497734
831,1.1764899e-05,0.12664682195558177,0.1279198992997408,0.12776876613497734
832,1.1764899e-05,0.12668884487508178,0.12795883491635324,0.12776876613497734
833,1.1764899e-05,0.1267009534232028,0.12790947519242762,0.12776876613497734
834,1.1764899e-05,0.12670009002670066,0.12818837761878968,0.12776876613497734
835,1.1764899e-05,0.1267546641749221,0.1280315637588501,0.12776876613497734
836,1.1764899e-05,0.12677599005884937,0.12804131656885148,0.12776876613497734
837,1.1764899e-05,0.1266776549738723,0.12794222086668014,0.12776876613497734
838,1.1764899e-05,0.12659134425513155,0.1278730772435665,0.12776876613497734
839,1.1764899e-05,0.1265590429886595,0.12800488844513894,0.12776876613497734
840,1.1764899e-05,0.1266455909648499,0.12795591466128825,0.12776876613497734
841,1.1764899e-05,0.12663899710426083,0.12789903841912748,0.12776876613497734
842,1.1764899e-05,0.12663470934350768,0.12803842462599277,0.12776876613497734
843,1.1764899e-05,0.12670748409899799,0.1279365684837103,0.12776876613497734
844,1.1764899e-05,0.12668072064588595,0.12795409113168715,0.12776876613497734
845,1.1764899e-05,0.12657678688501384,0.12807162590324878,0.12776876613497734
846,1.1764899e-05,0.12662763022757195,0.1280380431562662,0.12776876613497734
847,1.1764899e-05,0.1266407761480901,0.1278012938797474,0.12776876613497734
848,1.1764899e-05,0.12658800949136934,0.1278008047491312,0.12776876613497734
849,1.1764899e-05,0.12667314108316,0.12833358719944954,0.12776876613497734
850,1.1764899e-05,0.126672416151344,0.1279792334884405,0.12776876613497734
851,1.1764899e-05,0.1264712197052968,0.12791501954197884,0.12776876613497734
852,1.1764899e-05,0.1265796066878678,0.12780378349125385,0.12776876613497734
853,1.1764899e-05,0.1265739295389745,0.12799092270433904,0.12776876613497734
854,1.1764899e-05,0.12673819065093994,0.12778291031718253,0.12776876613497734
855,1.1764899e-05,0.12662351915201583,0.1278516635298729,0.12776876613497734
856,1.1764899e-05,0.12657846781340512,0.12779394313693046,0.12776876613497734
857,1.1764899e-05,0.12663657005344117,0.1280032992362976,0.12776876613497734
858,1.1764899e-05,0.12652297937250756,0.1277308404445648,0.1277308404445648
859,1.1764899e-05,0.12658279892299082,0.12772009149193764,0.12772009149193764
860,1.1764899e-05,0.12653102899913665,0.12785346992313862,0.12772009149193764
861,1.1764899e-05,0.12654131263881535,0.12782784029841424,0.12772009149193764
862,1.1764899e-05,0.12656160269851807,0.1280100904405117,0.12772009149193764
863,1.1764899e-05,0.12670193970590443,0.1279479641467333,0.12772009149193764
864,1.1764899e-05,0.12665381756695834,0.12788988575339316,0.12772009149193764
865,1.1764899e-05,0.12660529348370317,0.12820275351405144,0.12772009149193764
866,1.1764899e-05,0.12648042542980864,0.12775406762957572,0.12772009149193764
867,1.1764899e-05,0.12656717341054569,0.12791993506252766,0.12772009149193764
868,1.1764899e-05,0.1265231187080408,0.12788227647542955,0.12772009149193764
869,1.1764899e-05,0.12664018861659163,0.1280078064650297,0.12772009149193764
870,1.1764899e-05,0.12663739871282081,0.12780481688678264,0.12772009149193764
871,1.1764899e-05,0.12656711303181462,0.12794535495340825,0.12772009149193764
872,1.1764899e-05,0.1263799946997073,0.12764698639512062,0.12764698639512062
873,1.1764899e-05,0.1265323067253286,0.1279835354536772,0.12764698639512062
874,1.1764899e-05,0.1264909469075017,0.12792495414614677,0.12764698639512062
875,1.1764899e-05,0.12648016291779357,0.1278985481709242,0.12764698639512062
876,1.1764899e-05,0.126636528349542,0.12784501127898693,0.12764698639512062
877,1.1764899e-05,0.12651106183018004,0.1277757551521063,0.12764698639512062
878,1.1764899e-05,0.12645386759336893,0.12782482691109182,0.12764698639512062
879,1.1764899e-05,0.12646027954367847,0.12780078910291195,0.12764698639512062
880,1.1764899e-05,0.12654092578918902,0.12794583551585675,0.12764698639512062
881,1.1764899e-05,0.12645204094323245,0.12792839743196965,0.12764698639512062
882,1.1764899e-05,0.1264166443959459,0.12783720679581165,0.12764698639512062
883,1.1764899e-05,0.12648722461678766,0.12797367610037327,0.12764698639512062
884,1.1764899e-05,0.12649427209194605,0.12780886851251125,0.12764698639512062
885,1.1764899e-05,0.12662892769296447,0.1277311809360981,0.12764698639512062
886,1.1764899e-05,0.1264264482956428,0.12785377576947213,0.12764698639512062
887,1.1764899e-05,0.1265388499800261,0.1277612790465355,0.12764698639512062
888,1.1764899e-05,0.1265363288777215,0.12781057320535183,0.12764698639512062
889,1.1764899e-05,0.12643031127654114,0.1277350142598152,0.12764698639512062
890,1.1764899e-05,0.12643994729627261,0.12778443321585656,0.12764698639512062
891,1.1764899e-05,0.12655849919303672,0.12790714763104916,0.12764698639512062
892,1.1764899e-05,0.12656255230888144,0.127799541503191,0.12764698639512062
893,1.1764899e-05,0.12655428371259145,0.12809680849313737,0.12764698639512062
894,1.1764899e-05,0.12659440779840792,0.12774532698094845,0.12764698639512062
895,1.1764899e-05,0.1265611428912584,0.12786142006516457,0.12764698639512062
896,1.1764899e-05,0.12650300697846847,0.12772305309772491,0.12764698639512062
897,1.1764899e-05,0.12641668193913125,0.1276427086442709,0.1276427086442709
898,1.1764899e-05,0.12646033992240954,0.12772140689194203,0.1276427086442709
899,1.1764899e-05,0.12651113972261355,0.12775880061089992,0.1276427086442709
900,1.1764899e-05,0.1266783621017035,0.12773070260882377,0.1276427086442709
901,1.1764899e-05,0.12653398320272372,0.12739635892212392,0.12739635892212392
902,1.1764899e-05,0.12648489906803353,0.1277801062911749,0.12739635892212392
903,1.1764899e-05,0.12643286334229753,0.12774225696921349,0.12739635892212392
904,1.1764899e-05,0.12645407475821382,0.12766724340617658,0.12739635892212392
905,1.1764899e-05,0.1264749907634475,0.1276070348918438,0.12739635892212392
906,1.1764899e-05,0.12635340377107843,0.12755390368402003,0.12739635892212392
907,1.1764899e-05,0.12644919027368745,0.12776897996664047,0.12739635892212392
908,1.1764899e-05,0.12655666635020987,0.12770421132445336,0.12739635892212392
909,8.235428e-06,0.12644844434478067,0.1277298368513584,0.12739635892212392
910,8.235428e-06,0.12631578791838188,0.1277660619467497,0.12739635892212392
911,8.235428e-06,0.12632279901148438,0.12763418704271318,0.12739635892212392
912,8.235428e-06,0.12627947765898395,0.12769151777029036,0.12739635892212392
913,8.235428e-06,0.12646458878532632,0.1277707763016224,0.12739635892212392
914,8.235428e-06,0.12646818906068802,0.12782933004200459,0.12739635892212392
915,8.235428e-06,0.12637268364816517,0.12787495255470277,0.12739635892212392
916,8.235428e-06,0.1264400617642836,0.12777535766363143,0.12739635892212392
917,8.235428e-06,0.12633599950508637,0.12758719734847546,0.12739635892212392
918,8.235428e-06,0.12615277685902335,0.12764101028442382,0.12739635892212392
919,8.235428e-06,0.12633777961328432,0.12771435268223286,0.12739635892212392
920,8.235428e-06,0.126296250560841,0.1275221321731806,0.12739635892212392
921,8.235428e-06,0.12640686575081442,0.12779453322291373,0.12739635892212392
922,8.235428e-06,0.12639119447051705,0.1275724869221449,0.12739635892212392
923,8.235428e-06,0.12643786781019978,0.12769359536468983,0.12739635892212392
924,8.235428e-06,0.12627539986913855,0.1276166547089815,0.12739635892212392
925,8.235428e-06,0.12645746748168746,0.12758523747324943,0.12739635892212392
926,8.235428e-06,0.12629213755006913,0.12760710902512074,0.12739635892212392
927,8.235428e-06,0.12643097544258292,0.1277655728161335,0.12739635892212392
928,8.235428e-06,0.12634611410367025,0.127822382748127,0.12739635892212392
929,8.235428e-06,0.12640669825789216,0.1277255542576313,0.12739635892212392
930,8.235428e-06,0.12639946451821885,0.12775490581989288,0.12739635892212392
931,8.235428e-06,0.12634221087028455,0.12784954719245434,0.12739635892212392
932,8.235428e-06,0.1264753776130738,0.12750677280128003,0.12739635892212392
933,8.235428e-06,0.12631492490892288,0.12757364027202128,0.12739635892212392
934,8.235428e-06,0.12625739442837702,0.1275987107306719,0.12739635892212392
935,8.235428e-06,0.12630981526204518,0.1274781793355942,0.12739635892212392
936,8.235428e-06,0.12624283144613366,0.1277483630925417,0.12739635892212392
937,8.235428e-06,0.12627355347980151,0.1275302968919277,0.12739635892212392
938,8.235428e-06,0.12631609977839828,0.12766695991158486,0.12739635892212392
939,8.235428e-06,0.1263996475896278,0.12777178585529328,0.12739635892212392
940,8.235428e-06,0.12642368519461,0.12762589603662491,0.12739635892212392
941,8.235428e-06,0.12625835100551705,0.1276859451085329,0.12739635892212392
942,8.235428e-06,0.12621648222595067,0.1276747789233923,0.12739635892212392
943,8.235428e-06,0.12623920388423004,0.1277845896780491,0.12739635892212392
944,8.235428e-06,0.12636861950159073,0.12779901549220085,0.12739635892212392
945,8.235428e-06,0.1263368126827401,0.12759930938482283,0.12739635892212392
946,8.235428e-06,0.12634165333463,0.127797706797719,0.12739635892212392
947,8.235428e-06,0.1262610616622033,0.12766706198453903,0.12739635892212392
948,8.235428e-06,0.12622587198947932,0.12777848951518536,0.12739635892212392
949,8.235428e-06,0.12630294698786426,0.12752599865198136,0.12739635892212392
950,8.235428e-06,0.12641372076876753,0.1276564322412014,0.12739635892212392
951,8.235428e-06,0.12640017899986986,0.12762557230889798,0.12739635892212392
952,8.235428e-06,0.12634762337842545,0.1276909563690424,0.12739635892212392
953,8.235428e-06,0.1262926798942801,0.12768159657716752,0.12739635892212392
954,8.235428e-06,0.1263671267729301,0.12765702940523624,0.12739635892212392
955,8.235428e-06,0.12640111109653077,0.1276864182204008,0.12739635892212392
956,8.235428e-06,0.12633560849474623,0.12762792594730854,0.12739635892212392
957,8.235428e-06,0.1263078490828539,0.1277809888124466,0.12739635892212392
958,8.235428e-06,0.1262988850667879,0.12776111550629138,0.12739635892212392
959,8.235428e-06,0.12627982967472695,0.12760880962014198,0.12739635892212392
960,8.235428e-06,0.12635687777361312,0.1275712288916111,0.12739635892212392
961,8.235428e-06,0.12627065975170632,0.12763195633888244,0.12739635892212392
962,8.235428e-06,0.12624838212867837,0.12754035443067552,0.12739635892212392
963,8.235428e-06,0.1263171701462238,0.12760432697832585,0.12739635892212392
964,8.235428e-06,0.12626019507259517,0.12752351798117162,0.12739635892212392
965,8.235428e-06,0.12634797849051363,0.12751286029815673,0.12739635892212392
966,8.235428e-06,0.12628443993918306,0.12763082049787045,0.12739635892212392
967,8.235428e-06,0.12622967023741116,0.12748438604176043,0.12739635892212392
968,8.235428e-06,0.1262635016789684,0.12774633131921292,0.12739635892212392
969,8.235428e-06,0.1263206582758334,0.12757303081452848,0.12739635892212392
970,8.235428e-06,0.12630135275713808,0.12763057760894297,0.12739635892212392
971,8.235428e-06,0.1263046313028831,0.127531411126256,0.12739635892212392
972,8.235428e-06,0.12625721087316413,0.12767181172966957,0.12739635892212392
973,8.235428e-06,0.12626058617969613,0.12766975946724415,0.12739635892212392
974,8.235428e-06,0.12624145512069976,0.12752477824687958,0.12739635892212392
975,8.235428e-06,0.1263535044022969,0.12756105735898018,0.12739635892212392
976,8.235428e-06,0.12624226171861996,0.12762454561889172,0.12739635892212392
977,8.235428e-06,0.12618601660836826,0.1274425845593214,0.12739635892212392
978,8.235428e-06,0.1263140481594321,0.1277011439204216,0.12739635892212392
979,8.235428e-06,0.12618631995343543,0.12772094123065472,0.12739635892212392
980,8.235428e-06,0.12630083111973553,0.12764687202870845,0.12739635892212392
981,8.235428e-06,0.12628529066002214,0.12749722525477408,0.12739635892212392
982,8.235428e-06,0.12628144306408895,0.12757141068577765,0.12739635892212392
983,8.235428e-06,0.12613023082157235,0.12747412733733654,0.12739635892212392
984,8.235428e-06,0.12617291210146694,0.1275421053171158,0.12739635892212392
985,8.235428e-06,0.12628018681879166,0.12761454246938228,0.12739635892212392
986,8.235428e-06,0.12630704180760818,0.1275759894400835,0.12739635892212392
987,8.235428e-06,0.12613546229028083,0.12765905149281026,0.12739635892212392
988,8.235428e-06,0.12622961895419404,0.12745618931949138,0.12739635892212392
989,8.235428e-06,0.1261870479815966,0.12747515700757503,0.12739635892212392
990,8.235428e-06,0.12616642264576702,0.12781078107655047,0.12739635892212392
991,8.235428e-06,0.12616870503921013,0.12760863788425922,0.12739635892212392
992,8.235428e-06,0.1262849580931973,0.12764445021748544,0.12739635892212392
993,8.235428e-06,0.12622319142539778,0.12758801467716693,0.12739635892212392
994,8.235428e-06,0.1261719370430166,0.12754005938768387,0.12739635892212392
995,8.235428e-06,0.12612002662249974,0.1275078635662794,0.12739635892212392
996,8.235428e-06,0.12633803893219342,0.12772229984402655,0.12739635892212392
997,8.235428e-06,0.12632122993856282,0.12751712389290332,0.12739635892212392
998,8.235428e-06,0.12628022736156141,0.12735762000083922,0.12735762000083922
999,8.235428e-06,0.12623463590423784,0.1273555040359497,0.1273555040359497
